Time (t),Adoptions (N(t))
1,0.105525265
2,0.123533227
3,0.14795686
4,0.179008366
5,0.215677952
6,0.253181115
7,0.306070947
8,0.372435933
9,0.439543695
10,0.51565811
11,0.597443456
12,0.723436025
13,0.853470108
14,1.011143968
