,Variety,Service,American,Ambience
McDonalds,3.428571429,2.674603175,4.523809524,2.412698413
KFC,2.642857143,2.587301587,4.103174603,2.198412698
Subway,3.547619048,3.19047619,3.579365079,2.674603175
Burger King,3.182539683,2.650793651,3.952380952,2.293650794
Taco Bell,3.007936508,2.492063492,3.111111111,2.119047619
Pizza Hut,2.944444444,3.166666667,3.515873016,2.96031746
